{
    "accuracy": 0.7991483321504613,
    "precision": 0.6531986531986532,
    "recall": 0.5187165775401069,
    "f1_score": 0.5782414307004471
}